,WR
0,2
1,2
2,2
3,2
4,2
5,2
6,2
7,2
8,5
9,5
10,5
11,5
12,5
13,5
14,5
15,5
16,5
17,1
18,1
19,1
20,4
21,0
22,0
23,0
24,0
25,0
26,0
27,0
28,3
29,3
30,3
31,3
32,1
33,1
34,5
35,5
36,5
37,4
38,4
39,4
40,4
41,4
42,4
43,1
44,1
45,1
46,1
47,0
48,0
49,0
50,5
51,5
52,3
53,3
54,3
55,3
56,3
57,3
58,3
59,3
60,3
61,3
62,3
63,3
64,3
65,3
66,3
67,3
68,3
69,3
70,3
71,3
72,3
73,3
74,3
75,3
76,4
77,5
78,5
79,5
80,4
81,4
82,2
83,4
84,4
85,4
86,4
87,4
88,1
89,1
90,1
91,1
92,1
93,1
94,1
95,2
96,2
97,5
98,2
99,2
100,2
101,2
102,2
103,1
104,4
105,4
106,4
107,4
108,3
109,3
110,3
111,3
112,3
113,3
114,3
115,3
116,3
117,3
118,3
119,3
120,3
121,3
122,1
123,1
124,1
125,1
126,3
127,3
128,3
129,3
130,1
131,2
132,2
133,5
134,2
135,5
136,5
137,1
138,2
139,2
140,2
141,5
142,5
143,2
144,2
145,2
146,2
147,1
148,1
149,2
150,2
151,2
152,0
153,1
154,1
155,1
156,1
157,1
158,1
159,1
160,1
161,1
162,1
163,1
164,1
165,1
166,1
167,1
168,0
169,0
170,1
171,1
172,1
173,1
174,4
175,4
176,1
177,1
178,1
179,4
180,4
181,4
182,1
183,4
184,4
185,2
186,0
187,1
188,1
189,2
190,2
191,2
192,2
193,1
194,0
195,0
196,1
197,4
198,2
199,2
200,4
201,4
202,4
203,4
204,0
205,0
206,0
207,3
208,3
209,3
210,3
211,3
212,3
213,3
214,3
215,3
216,3
217,3
218,3
219,3
220,3
221,3
222,5
223,5
224,5
225,5
226,3
227,3
228,3
229,3
230,3
231,3
232,3
233,3
234,3
235,3
236,3
237,5
238,5
239,5
240,4
241,4
242,4
243,1
244,1
245,1
246,1
247,1
248,1
249,3
250,3
251,3
252,3
253,3
254,3
255,3
256,5
257,0
258,0
259,0
260,5
261,5
262,5
263,5
264,5
265,5
266,5
267,5
268,5
269,5
270,3
271,3
272,3
273,3
274,3
275,3
276,3
277,3
278,3
279,1
280,3
281,3
282,3
283,3
284,5
285,1
286,2
287,2
288,2
289,5
290,5
291,5
292,4
293,4
294,4
295,4
296,3
297,3
298,1
299,1
300,1
301,1
302,1
303,1
304,2
305,2
306,4
307,4
308,4
309,4
310,2
311,2
312,2
313,2
314,2
315,2
316,2
317,5
318,5
319,5
320,4
321,4
322,4
323,4
324,4
325,4
326,4
327,0
328,0
329,5
330,5
331,5
332,5
333,5
334,5
335,5
336,5
337,2
338,2
339,2
340,2
341,2
342,2
343,2
344,0
345,0
346,0
347,5
348,3
349,3
350,3
351,3
352,4
353,4
354,4
355,4
356,4
357,4
358,4
359,4
360,1
361,1
362,4
363,4
364,4
365,4
366,4
367,4
368,4
369,0
370,0
371,0
372,5
373,5
374,5
375,5
376,1
377,1
378,0
379,0
380,0
381,0
382,0
383,0
384,0
385,1
386,1
387,0
388,0
389,2
390,2
391,2
392,4
393,2
394,2
395,2
396,2
397,2
398,2
399,2
400,2
401,2
402,2
403,2
404,0
405,0
406,0
407,1
408,1
409,1
410,1
411,1
412,1
413,1
414,1
415,1
416,4
417,4
418,2
419,2
420,2
421,2
422,2
423,0
424,0
425,0
426,0
427,0
428,1
429,1
430,1
431,1
432,1
433,1
434,1
435,1
436,1
437,1
438,1
439,4
440,4
441,4
442,4
443,4
444,1
445,1
446,3
447,4
448,4
449,4
450,4
451,4
452,2
453,2
454,4
455,2
456,2
457,0
458,1
459,0
460,0
461,0
462,0
463,3
464,3
465,0
466,0
467,0
468,0
469,0
470,4
471,2
472,0
473,0
474,0
475,0
476,1
477,1
478,1
479,1
480,1
481,1
482,1
483,0
484,3
485,4
486,4
487,4
488,4
489,4
490,1
491,1
492,1
493,1
494,1
495,0
496,0
497,0
498,0
499,0
500,5
501,5
502,5
503,5
504,5
505,5
506,3
507,3
508,5
509,5
510,2
511,2
512,2
513,2
514,2
515,2
516,2
517,2
518,0
519,2
520,2
521,2
522,1
523,1
524,1
525,2
526,2
527,2
528,2
529,0
530,5
531,5
532,5
533,5
534,5
535,5
536,2
537,5
538,5
539,5
540,5
541,5
542,5
543,2
544,5
545,5
546,5
547,5
548,2
549,2
550,2
551,2
552,0
553,0
554,1
555,1
556,4
557,4
558,4
559,4
560,4
561,4
562,4
563,0
564,4
565,4
566,4
567,5
568,1
569,4
570,4
571,4
572,4
573,1
574,3
575,3
576,1
577,1
578,1
579,1
580,1
581,1
582,1
583,1
584,1
585,4
586,1
587,1
588,1
589,4
590,4
591,4
592,4
593,0
594,0
595,0
596,0
597,0
598,3
599,3
600,3
601,3
602,3
603,3
604,3
605,3
606,3
607,0
608,4
609,4
610,4
611,4
612,4
613,2
614,2
615,2
616,0
617,4
618,4
619,4
620,4
621,4
622,4
623,4
624,2
625,2
626,2
627,2
628,2
629,2
630,2
631,2
632,5
633,5
634,4
635,4
636,4
637,4
638,4
639,4
640,4
641,4
642,3
643,3
644,3
645,3
646,3
647,3
648,4
649,4
650,4
651,4
652,4
653,4
654,3
655,3
656,3
657,3
658,3
659,5
660,5
661,5
662,5
663,5
664,5
665,5
666,5
667,5
668,5
669,0
670,1
671,1
672,4
673,3
674,3
675,3
676,3
677,3
678,3
679,3
680,3
681,3
682,3
683,3
684,1
685,1
686,1
687,1
688,4
689,4
690,4
691,4
692,4
693,4
694,4
695,4
696,4
697,4
698,4
699,5
700,5
701,4
702,4
703,4
704,4
705,4
706,4
707,4
708,1
709,1
710,1
711,1
712,1
713,1
714,1
715,1
716,5
717,5
718,5
719,3
720,3
721,3
722,3
723,3
724,3
725,3
726,3
727,3
728,3
729,3
730,5
731,3
732,3
733,3
734,3
735,3
736,3
737,4
738,4
739,4
740,4
741,4
742,1
743,4
744,5
745,5
746,5
747,5
748,5
749,5
750,5
751,5
752,5
753,5
754,1
755,5
756,5
757,5
758,5
759,5
760,5
761,5
762,5
763,5
764,5
765,5
766,5
767,5
768,2
769,5
770,5
771,2
772,1
773,1
774,1
775,1
776,0
777,0
778,0
779,0
780,0
781,0
782,5
783,1
784,2
785,0
786,0
787,1
788,1
789,1
790,1
791,4
792,4
793,4
794,4
795,4
796,3
797,3
798,3
799,3
800,4
801,4
802,4
803,4
804,5
805,5
806,3
807,3
808,3
809,3
810,3
811,3
812,3
813,3
814,3
815,3
816,3
817,3
818,1
819,1
820,1
821,2
822,2
823,2
824,2
825,2
826,2
827,4
828,4
829,4
830,4
831,4
832,2
833,2
834,2
835,2
836,2
837,2
838,2
839,2
840,2
841,0
842,0
843,0
844,0
845,0
846,0
847,0
848,0
849,0
850,0
851,0
852,0
853,2
854,2
855,2
856,2
857,2
858,2
859,2
860,2
861,5
862,5
863,5
864,5
865,0
866,0
867,0
868,1
869,1
870,1
871,1
872,4
873,4
874,0
875,0
876,0
877,0
878,0
879,0
880,0
881,0
882,1
883,1
884,0
885,3
886,1
887,4
888,5
889,3
890,4
891,3
892,3
893,3
894,4
895,4
896,4
897,4
898,4
899,4
900,4
901,4
902,1
903,1
904,1
905,1
906,1
907,1
908,1
909,3
910,5
911,5
912,4
913,2
914,2
915,2
916,2
917,2
918,2
919,5
920,5
921,5
922,5
923,5
924,5
925,3
926,3
927,3
928,3
929,3
930,3
931,3
932,3
933,3
934,3
935,3
936,3
937,0
938,0
939,4
940,4
941,4
942,3
943,4
944,4
945,4
946,4
947,4
948,4
949,4
950,4
951,1
952,1
953,1
954,1
955,1
956,0
957,3
958,3
959,0
960,0
961,0
962,0
963,0
964,0
965,0
966,0
967,0
968,0
969,0
970,4
971,3
972,3
973,3
974,3
975,3
976,3
977,3
978,3
979,3
980,3
981,3
982,3
983,3
984,3
985,3
986,3
987,5
988,4
989,4
990,4
991,4
992,4
993,4
994,4
995,4
996,5
997,5
998,5
999,5
1000,5
1001,5
1002,5
1003,5
1004,5
1005,5
1006,5
1007,5
1008,2
1009,2
1010,2
1011,2
1012,5
1013,5
1014,5
1015,5
1016,4
1017,4
1018,2
1019,0
1020,0
1021,0
1022,2
1023,5
1024,5
1025,5
1026,5
1027,5
1028,5
1029,5
1030,5
1031,5
1032,5
1033,5
1034,5
1035,5
1036,5
1037,5
1038,5
1039,5
1040,5
1041,5
1042,5
1043,5
1044,5
1045,5
1046,4
1047,4
1048,4
1049,1
1050,1
1051,4
1052,1
1053,1
1054,1
1055,1
1056,1
1057,1
1058,1
1059,1
1060,1
1061,1
1062,1
1063,1
1064,1
1065,1
1066,1
1067,1
1068,4
1069,4
1070,1
1071,1
1072,3
1073,3
1074,3
1075,3
1076,3
1077,3
1078,3
1079,5
1080,5
1081,5
1082,5
1083,4
1084,0
1085,0
1086,0
1087,0
1088,0
1089,0
1090,0
1091,0
1092,1
1093,2
1094,2
1095,2
1096,2
1097,1
1098,2
1099,2
1100,1
1101,1
1102,1
1103,1
1104,1
1105,1
1106,1
1107,1
1108,1
1109,1
1110,1
1111,1
1112,0
1113,0
1114,0
1115,0
1116,0
1117,2
1118,2
1119,2
1120,2
1121,2
1122,4
1123,4
1124,4
1125,4
1126,2
1127,2
1128,1
1129,1
1130,2
1131,2
1132,2
1133,2
1134,2
1135,2
1136,2
1137,2
1138,2
1139,2
1140,2
1141,2
1142,2
1143,2
1144,2
1145,2
1146,4
1147,2
1148,2
1149,2
1150,2
1151,2
1152,2
1153,2
1154,2
1155,2
1156,2
1157,2
1158,2
1159,2
1160,2
1161,2
1162,2
1163,2
1164,2
1165,2
1166,2
1167,0
1168,0
1169,0
1170,2
1171,2
1172,2
1173,2
1174,2
1175,5
1176,0
1177,0
1178,5
1179,5
1180,5
1181,5
1182,5
1183,5
1184,5
1185,5
1186,0
1187,2
1188,2
1189,2
1190,2
1191,2
1192,2
1193,2
1194,2
1195,2
1196,2
1197,0
1198,2
1199,2
1200,2
1201,2
1202,2
1203,2
1204,2
1205,0
1206,0
1207,0
1208,4
1209,4
1210,2
1211,2
1212,4
1213,4
1214,4
1215,4
1216,1
1217,1
1218,1
1219,1
1220,1
1221,3
1222,3
1223,3
1224,3
1225,3
1226,3
1227,3
1228,3
1229,3
1230,3
1231,5
1232,5
1233,5
1234,5
1235,5
1236,5
1237,5
1238,2
1239,2
1240,2
1241,2
1242,4
1243,4
1244,4
1245,5
1246,4
1247,4
1248,4
1249,2
1250,2
1251,2
1252,2
1253,2
1254,2
1255,5
1256,5
1257,2
1258,2
1259,2
1260,0
1261,0
1262,2
1263,2
1264,2
1265,2
1266,2
1267,2
1268,5
1269,5
1270,5
1271,5
1272,5
1273,5
1274,5
1275,5
1276,5
1277,5
1278,5
1279,2
1280,2
1281,2
1282,2
1283,2
1284,2
1285,2
1286,5
1287,5
1288,5
1289,5
1290,5
1291,5
1292,5
1293,5
1294,2
1295,2
1296,2
1297,2
1298,2
1299,2
1300,2
1301,0
1302,0
1303,5
1304,1
1305,2
1306,2
1307,2
1308,0
1309,0
1310,0
1311,0
1312,0
1313,0
1314,0
1315,0
1316,0
1317,0
1318,0
1319,4
1320,4
1321,2
1322,2
1323,2
1324,2
1325,2
1326,2
1327,2
1328,2
1329,2
1330,2
1331,4
1332,4
1333,4
1334,1
1335,1
1336,1
1337,1
1338,1
1339,1
1340,1
1341,1
1342,1
1343,1
1344,1
1345,1
1346,1
1347,4
1348,4
1349,4
1350,4
1351,4
1352,1
1353,1
1354,0
1355,2
1356,2
1357,2
1358,2
1359,2
1360,2
1361,2
1362,5
1363,5
1364,5
1365,2
1366,5
1367,5
1368,5
1369,5
1370,5
1371,5
1372,5
1373,5
1374,5
1375,5
1376,5
1377,5
1378,4
1379,4
1380,4
1381,4
1382,2
1383,2
1384,2
1385,4
1386,4
1387,1
1388,1
1389,4
1390,4
1391,4
1392,4
1393,2
1394,2
1395,2
1396,2
1397,4
1398,4
1399,4
1400,4
1401,4
1402,4
1403,4
1404,4
1405,5
1406,1
1407,1
1408,1
1409,1
1410,1
1411,1
1412,1
1413,1
1414,2
1415,2
1416,5
1417,5
1418,5
1419,2
1420,2
1421,5
1422,5
1423,5
1424,5
1425,4
1426,5
1427,4
1428,5
1429,3
1430,3
1431,3
1432,3
1433,3
1434,3
1435,3
1436,3
1437,3
1438,3
1439,3
1440,3
1441,4
1442,4
1443,0
1444,0
1445,1
1446,4
1447,4
1448,4
1449,4
1450,4
1451,4
1452,1
1453,1
1454,1
1455,4
1456,4
1457,4
1458,4
1459,4
1460,4
1461,4
1462,4
1463,4
1464,4
1465,4
1466,4
1467,4
1468,4
1469,2
1470,2
1471,2
1472,2
1473,2
1474,0
1475,0
1476,2
1477,2
1478,1
1479,1
1480,1
1481,1
1482,4
1483,4
1484,4
1485,4
1486,0
1487,0
1488,0
1489,0
1490,0
1491,0
1492,0
1493,0
1494,0
1495,1
1496,1
1497,1
1498,4
1499,4
1500,1
1501,1
1502,1
1503,1
1504,4
1505,4
1506,4
1507,4
1508,4
1509,4
1510,2
1511,1
1512,4
1513,4
1514,4
1515,4
1516,4
1517,4
1518,1
1519,1
1520,1
1521,1
1522,1
1523,2
1524,2
1525,2
1526,2
1527,2
1528,5
1529,5
1530,5
1531,5
1532,2
1533,2
1534,1
1535,4
1536,2
1537,2
1538,2
1539,2
1540,2
1541,2
1542,2
1543,2
1544,2
1545,2
1546,2
1547,5
1548,4
1549,4
1550,4
1551,4
1552,4
1553,4
1554,4
1555,0
1556,0
1557,0
1558,0
1559,1
1560,1
1561,1
1562,2
1563,2
1564,2
1565,2
1566,2
1567,1
1568,1
1569,1
1570,1
1571,1
1572,1
1573,0
1574,0
1575,3
1576,3
1577,5
1578,5
1579,5
1580,5
1581,5
1582,5
1583,5
1584,4
1585,4
1586,4
1587,0
1588,0
1589,0
1590,0
1591,0
1592,0
1593,0
1594,0
1595,2
1596,2
1597,2
1598,2
1599,2
1600,2
1601,2
1602,4
1603,4
1604,4
1605,4
1606,4
1607,2
1608,2
1609,2
1610,4
1611,4
1612,2
1613,2
1614,2
1615,2
1616,2
1617,2
1618,2
1619,5
1620,5
1621,2
1622,2
1623,2
1624,2
1625,2
1626,2
1627,2
1628,0
1629,0
1630,0
1631,0
1632,0
1633,1
1634,1
1635,2
1636,2
1637,2
1638,2
1639,2
1640,2
1641,2
1642,2
1643,1
1644,1
1645,1
1646,4
1647,4
1648,4
1649,4
1650,4
1651,4
1652,2
1653,1
1654,1
1655,1
1656,1
1657,1
1658,1
1659,1
1660,1
1661,1
1662,1
1663,1
1664,1
1665,1
1666,1
1667,1
1668,1
1669,1
1670,1
1671,1
1672,1
1673,4
1674,4
1675,4
1676,4
1677,4
1678,5
1679,2
1680,2
1681,2
1682,2
1683,2
1684,2
1685,2
1686,0
1687,0
1688,0
1689,0
1690,0
1691,0
1692,4
1693,0
1694,0
1695,4
1696,4
1697,4
1698,0
1699,0
1700,0
1701,0
1702,0
1703,0
1704,0
1705,0
1706,0
1707,0
1708,0
1709,0
1710,0
1711,0
1712,0
1713,0
1714,0
1715,0
1716,0
1717,0
1718,0
1719,0
1720,1
1721,1
1722,1
1723,5
1724,5
1725,5
1726,5
1727,5
1728,5
1729,5
1730,5
1731,5
1732,5
1733,5
1734,5
1735,5
1736,5
1737,5
1738,5
1739,5
1740,5
1741,5
1742,5
1743,1
1744,1
1745,1
1746,2
1747,2
1748,2
1749,2
1750,2
1751,2
1752,2
1753,2
1754,2
1755,0
1756,0
1757,2
1758,2
1759,2
1760,2
1761,2
1762,5
1763,5
1764,5
1765,5
1766,5
1767,5
1768,5
1769,2
1770,4
1771,4
1772,4
1773,4
1774,4
1775,4
1776,4
1777,4
1778,4
1779,4
1780,4
1781,3
1782,3
1783,3
1784,3
1785,3
1786,5
1787,5
1788,4
1789,2
1790,2
1791,2
1792,2
1793,2
1794,2
1795,2
1796,2
1797,2
1798,2
1799,2
1800,0
1801,2
1802,0
1803,0
1804,0
1805,1
1806,3
1807,0
1808,0
1809,0
1810,0
1811,0
1812,0
1813,0
1814,0
1815,0
1816,2
1817,2
1818,5
1819,4
1820,4
1821,4
1822,0
1823,0
1824,0
1825,0
1826,0
1827,0
1828,0
1829,2
1830,0
1831,1
1832,0
1833,0
1834,0
1835,0
1836,0
1837,0
1838,1
1839,1
1840,4
1841,4
1842,0
1843,0
1844,0
1845,0
1846,0
1847,5
1848,5
1849,0
1850,0
1851,1
1852,5
1853,5
1854,2
1855,2
1856,2
1857,2
1858,1
1859,1
1860,1
1861,1
1862,4
1863,0
1864,0
1865,0
1866,0
1867,0
1868,0
1869,0
1870,0
1871,0
1872,0
1873,3
1874,5
1875,5
1876,5
1877,5
1878,5
1879,5
1880,5
1881,2
1882,2
1883,2
1884,2
1885,2
1886,1
1887,1
1888,5
1889,5
1890,5
1891,5
1892,5
1893,5
1894,5
1895,5
1896,5
1897,5
1898,5
1899,5
1900,5
1901,5
1902,5
1903,0
1904,0
1905,0
1906,1
1907,2
1908,2
1909,2
1910,5
1911,5
1912,5
1913,0
1914,0
1915,0
1916,0
1917,0
1918,0
1919,4
1920,4
1921,0
1922,0
1923,0
1924,0
1925,0
1926,0
1927,0
1928,0
1929,3
1930,4
1931,4
1932,0
1933,0
1934,3
1935,0
1936,1
1937,1
1938,1
1939,2
1940,4
1941,4
1942,4
1943,4
1944,4
1945,4
1946,4
1947,4
1948,4
1949,4
1950,4
1951,1
1952,1
1953,4
1954,4
1955,4
1956,3
1957,3
1958,3
1959,3
1960,3
1961,3
1962,3
1963,3
1964,3
1965,3
1966,3
1967,3
1968,3
1969,5
1970,5
1971,5
1972,5
1973,5
1974,5
1975,5
1976,5
1977,5
1978,5
1979,5
1980,5
1981,5
1982,5
1983,5
1984,4
1985,4
1986,2
1987,4
1988,4
1989,4
1990,4
1991,4
1992,4
1993,4
1994,4
1995,4
1996,1
1997,1
1998,4
1999,4
2000,3
2001,3
2002,3
2003,1
2004,5
2005,5
2006,5
2007,5
2008,5
2009,5
2010,5
2011,5
2012,1
2013,1
2014,1
2015,1
2016,1
2017,1
2018,1
2019,1
2020,1
2021,1
2022,1
2023,0
2024,0
2025,0
2026,3
2027,0
2028,0
2029,1
2030,1
2031,1
2032,1
2033,1
2034,1
2035,1
2036,4
2037,4
2038,4
2039,4
2040,4
2041,4
2042,2
2043,4
2044,4
2045,4
2046,4
2047,3
2048,3
2049,3
2050,3
2051,3
2052,3
2053,4
2054,4
2055,3
2056,3
2057,3
2058,3
2059,3
2060,3
2061,3
2062,0
2063,0
2064,0
2065,0
2066,0
2067,1
2068,4
2069,4
2070,4
2071,3
2072,3
2073,3
2074,3
2075,3
2076,3
2077,3
2078,3
2079,3
2080,3
2081,3
2082,1
2083,1
2084,4
2085,4
2086,4
2087,1
2088,4
2089,4
2090,4
2091,4
2092,4
2093,3
2094,3
2095,3
2096,3
2097,3
2098,3
2099,3
2100,3
2101,3
2102,3
2103,3
2104,4
2105,2
2106,2
2107,2
2108,4
2109,5
2110,5
2111,1
2112,1
2113,2
2114,2
2115,2
2116,2
2117,2
2118,2
2119,1
2120,1
2121,1
2122,1
2123,1
2124,4
2125,2
2126,2
2127,0
2128,0
2129,2
2130,2
2131,2
2132,2
2133,2
2134,2
2135,2
2136,5
2137,5
2138,5
2139,2
2140,2
2141,2
2142,2
2143,2
2144,2
2145,2
2146,2
2147,5
2148,5
2149,5
2150,2
2151,2
2152,2
2153,2
2154,2
2155,2
2156,2
2157,2
2158,2
2159,2
2160,4
2161,4
2162,4
2163,4
2164,3
2165,3
2166,3
2167,1
2168,1
2169,1
2170,1
2171,3
2172,3
2173,1
2174,1
2175,1
2176,4
2177,0
2178,2
2179,1
2180,1
2181,4
2182,4
2183,3
2184,3
2185,3
2186,3
2187,3
2188,3
2189,0
2190,2
2191,2
2192,2
2193,2
2194,2
2195,4
2196,4
2197,4
2198,4
2199,4
2200,3
2201,3
2202,4
2203,4
2204,4
2205,4
2206,4
2207,0
2208,0
2209,5
2210,5
2211,5
2212,2
2213,5
2214,5
2215,5
2216,5
2217,5
2218,5
2219,5
2220,5
2221,0
2222,0
2223,0
2224,4
2225,5
2226,5
2227,5
2228,5
2229,0
2230,0
2231,0
2232,0
2233,1
2234,4
2235,4
2236,4
2237,4
2238,4
2239,1
2240,1
2241,1
2242,1
2243,1
2244,1
2245,1
2246,1
2247,0
2248,0
2249,0
2250,2
2251,2
2252,2
2253,2
2254,2
2255,2
2256,2
2257,4
2258,4
2259,4
2260,0
2261,4
2262,4
2263,0
2264,0
2265,0
2266,2
2267,2
2268,4
2269,4
2270,0
2271,0
2272,0
2273,0
2274,3
2275,3
2276,0
2277,0
2278,0
2279,0
2280,0
2281,0
2282,0
2283,1
2284,1
2285,1
2286,1
2287,1
2288,1
2289,0
2290,1
2291,1
2292,1
2293,4
2294,4
2295,4
2296,1
2297,1
2298,4
2299,0
2300,4
2301,4
2302,4
2303,4
2304,4
2305,4
2306,4
2307,3
2308,3
2309,3
2310,4
2311,4
2312,4
2313,2
2314,4
2315,4
2316,2
2317,4
2318,2
2319,2
2320,2
2321,2
2322,1
2323,1
2324,0
2325,2
2326,5
2327,2
2328,2
2329,2
2330,5
2331,5
2332,5
2333,5
2334,5
2335,5
2336,5
2337,5
2338,5
2339,5
2340,2
2341,2
2342,5
2343,5
2344,5
2345,1
2346,1
2347,2
2348,2
2349,0
2350,5
2351,5
2352,0
2353,0
2354,0
2355,2
2356,0
2357,0
2358,0
2359,0
2360,0
2361,1
2362,1
2363,1
2364,4
2365,4
2366,4
2367,4
2368,4
2369,0
2370,1
2371,1
2372,1
2373,1
2374,1
2375,1
2376,1
2377,4
2378,4
2379,1
2380,1
2381,0
2382,1
2383,0
2384,0
2385,0
2386,0
2387,1
2388,1
2389,1
2390,0
2391,0
2392,0
2393,0
2394,0
2395,0
2396,0
2397,3
2398,3
2399,3
2400,3
2401,3
2402,3
2403,3
2404,3
2405,3
2406,3
2407,3
2408,3
2409,4
2410,4
2411,4
2412,1
2413,1
2414,1
2415,1
2416,0
2417,0
2418,0
2419,0
2420,0
2421,0
2422,0
2423,0
2424,3
2425,0
2426,0
2427,0
2428,0
2429,0
2430,0
2431,0
2432,0
2433,0
2434,0
2435,0
2436,0
2437,0
2438,0
2439,0
2440,0
2441,1
2442,1
2443,1
2444,0
2445,0
2446,5
2447,5
2448,5
2449,5
2450,5
2451,5
2452,5
2453,5
2454,2
2455,2
2456,2
2457,2
2458,2
2459,2
2460,2
2461,2
2462,2
2463,2
2464,2
2465,2
2466,2
2467,1
2468,1
2469,1
2470,1
2471,1
2472,1
2473,1
2474,1
2475,1
2476,1
2477,1
2478,1
2479,1
2480,1
2481,1
2482,1
2483,0
2484,0
2485,0
2486,0
2487,2
2488,2
2489,1
2490,2
2491,2
2492,2
2493,2
2494,2
2495,2
2496,2
2497,2
2498,2
2499,2
2500,2
2501,2
2502,0
2503,1
2504,1
2505,5
2506,5
2507,2
2508,4
2509,0
2510,0
2511,0
2512,0
2513,0
2514,0
2515,0
2516,0
2517,0
2518,0
2519,1
2520,1
2521,0
2522,0
2523,0
2524,0
2525,1
2526,1
2527,1
2528,1
2529,1
2530,1
2531,1
2532,4
2533,1
2534,1
2535,0
2536,0
2537,0
2538,0
2539,0
2540,3
2541,3
2542,3
2543,3
2544,3
2545,3
2546,3
2547,5
2548,5
2549,4
2550,4
2551,5
2552,5
2553,5
2554,5
2555,5
2556,5
2557,5
2558,5
2559,5
2560,0
2561,0
2562,0
2563,0
2564,0
2565,4
2566,4
2567,4
2568,3
2569,3
2570,3
2571,3
2572,3
2573,3
2574,3
2575,3
2576,3
2577,3
2578,5
2579,5
2580,5
2581,5
2582,5
2583,5
2584,5
2585,5
2586,5
2587,3
2588,1
2589,4
2590,4
2591,4
2592,4
2593,4
2594,4
2595,4
2596,4
2597,4
2598,4
2599,5
2600,5
2601,5
2602,5
2603,5
2604,5
2605,5
2606,1
2607,4
2608,4
2609,4
2610,4
2611,5
2612,5
2613,5
2614,5
2615,5
2616,5
2617,0
2618,2
2619,2
2620,2
2621,2
2622,2
2623,2
2624,2
2625,4
2626,4
2627,1
2628,1
2629,1
2630,1
2631,1
2632,1
2633,3
2634,3
2635,3
2636,3
2637,3
2638,3
2639,3
2640,3
2641,3
2642,3
2643,3
2644,3
2645,5
2646,5
2647,5
2648,5
2649,0
2650,3
2651,3
2652,3
2653,3
2654,3
2655,3
2656,3
2657,3
2658,3
2659,3
2660,3
2661,3
2662,3
2663,3
2664,0
2665,0
2666,0
2667,0
2668,0
2669,0
2670,4
2671,0
2672,0
2673,4
2674,4
2675,4
2676,4
2677,4
2678,4
2679,4
2680,4
2681,4
2682,4
2683,4
2684,3
2685,3
2686,3
2687,3
2688,3
2689,3
2690,3
2691,3
2692,3
2693,3
2694,3
2695,3
2696,3
2697,3
2698,3
2699,1
2700,4
2701,4
2702,4
2703,4
2704,4
2705,4
2706,2
2707,2
2708,2
2709,2
2710,2
2711,2
2712,2
2713,2
2714,2
2715,2
2716,5
2717,5
2718,5
2719,5
2720,5
2721,5
2722,5
2723,5
2724,5
2725,5
2726,5
2727,5
2728,2
2729,5
2730,5
2731,5
2732,5
2733,5
2734,5
2735,5
2736,5
2737,2
2738,5
2739,5
2740,5
2741,2
2742,2
2743,2
2744,2
2745,2
2746,2
2747,2
2748,0
2749,0
2750,0
2751,0
2752,0
2753,0
2754,0
2755,0
2756,5
2757,5
2758,1
2759,1
2760,0
2761,2
2762,2
2763,2
2764,2
2765,2
2766,0
2767,0
2768,5
2769,5
2770,2
2771,4
2772,4
2773,4
2774,4
2775,3
2776,3
2777,3
2778,4
2779,4
2780,1
2781,4
2782,4
2783,4
2784,4
2785,4
2786,0
2787,0
2788,0
2789,5
2790,1
2791,4
2792,4
2793,4
2794,4
2795,4
2796,4
2797,4
2798,4
2799,4
2800,4
2801,4
2802,4
2803,4
2804,3
2805,3
2806,3
2807,3
2808,3
2809,3
2810,3
2811,3
2812,5
2813,5
2814,5
2815,5
2816,5
2817,5
2818,3
2819,3
2820,3
2821,3
2822,5
2823,5
2824,5
2825,5
2826,5
2827,3
2828,1
2829,1
2830,1
2831,1
2832,1
2833,2
2834,2
2835,2
2836,2
2837,5
2838,5
2839,5
2840,5
2841,5
2842,5
2843,2
2844,1
2845,1
2846,1
2847,1
2848,1
2849,1
2850,1
2851,0
2852,0
2853,0
2854,1
2855,1
2856,1
2857,2
2858,2
2859,2
2860,2
2861,2
2862,2
2863,5
2864,4
2865,4
2866,4
2867,4
2868,4
2869,4
2870,4
2871,4
2872,4
2873,4
2874,4
2875,4
2876,4
2877,4
2878,4
2879,5
2880,5
2881,5
2882,5
2883,5
2884,5
2885,5
2886,5
2887,5
2888,5
2889,5
2890,2
2891,4
2892,4
2893,4
2894,4
2895,4
2896,4
2897,4
2898,4
2899,4
2900,4
2901,4
2902,4
2903,4
2904,4
2905,0
2906,0
2907,0
2908,0
2909,1
2910,1
2911,4
2912,4
2913,1
2914,1
2915,1
2916,1
2917,3
2918,0
2919,0
2920,0
2921,0
2922,0
2923,0
2924,1
2925,1
2926,4
2927,0
2928,1
2929,1
2930,1
2931,1
2932,1
2933,0
2934,0
2935,0
2936,0
2937,0
2938,0
2939,0
2940,1
2941,1
2942,1
2943,4
2944,4
2945,4
2946,5
2947,5
2948,5
2949,5
2950,5
2951,5
2952,5
2953,5
2954,5
2955,5
2956,5
2957,3
2958,3
2959,1
2960,1
2961,1
2962,1
2963,2
2964,5
2965,1
2966,3
2967,3
2968,3
2969,3
2970,3
2971,3
2972,3
2973,0
2974,0
2975,0
2976,0
2977,0
2978,0
2979,1
2980,1
2981,1
2982,4
2983,4
2984,4
2985,4
2986,4
2987,4
2988,4
2989,4
2990,4
2991,4
2992,1
2993,1
2994,1
2995,1
2996,3
2997,3
2998,3
2999,3
3000,3
3001,4
3002,4
3003,4
3004,4
3005,4
3006,4
3007,4
3008,4
3009,4
3010,4
3011,4
3012,4
3013,4
3014,4
3015,2
3016,2
3017,2
3018,2
3019,0
3020,0
3021,0
3022,1
3023,1
3024,1
3025,1
3026,1
3027,0
3028,0
3029,0
3030,0
3031,4
3032,0
3033,1
3034,2
3035,2
3036,2
3037,2
3038,4
3039,4
3040,4
3041,4
3042,4
3043,4
3044,4
3045,2
3046,2
3047,2
3048,0
3049,2
3050,1
3051,1
3052,1
3053,1
3054,0
3055,0
3056,0
3057,1
3058,2
3059,2
3060,2
3061,2
3062,2
3063,2
3064,0
3065,0
3066,2
3067,2
3068,2
3069,2
3070,2
3071,0
3072,2
3073,2
3074,2
3075,0
3076,0
3077,2
3078,2
3079,2
3080,0
3081,1
3082,1
3083,1
3084,1
3085,1
3086,1
3087,1
3088,1
3089,1
3090,1
3091,1
3092,1
3093,1
3094,1
3095,1
3096,0
3097,0
3098,1
3099,0
3100,0
3101,0
3102,0
3103,0
3104,1
3105,1
3106,1
3107,1
3108,1
3109,1
3110,1
3111,1
3112,1
3113,1
3114,1
3115,3
3116,3
3117,3
3118,3
3119,3
3120,3
3121,3
3122,3
3123,3
3124,1
3125,1
3126,1
3127,1
3128,1
3129,1
3130,1
3131,1
3132,3
3133,3
3134,3
3135,3
3136,3
3137,3
3138,3
3139,3
3140,3
3141,3
3142,3
3143,3
3144,4
3145,4
3146,4
3147,4
3148,4
3149,4
3150,4
3151,4
3152,4
3153,0
3154,0
3155,3
3156,3
3157,3
3158,4
3159,4
3160,4
3161,4
3162,4
3163,4
3164,1
3165,1
3166,1
3167,1
3168,1
3169,1
3170,1
3171,2
3172,2
3173,4
3174,4
3175,4
3176,4
3177,4
3178,4
3179,4
3180,4
3181,4
3182,0
3183,0
3184,0
3185,4
3186,4
3187,4
3188,4
3189,4
3190,4
3191,4
3192,4
3193,2
3194,2
3195,2
3196,2
3197,2
3198,2
3199,0
3200,1
3201,0
3202,0
3203,2
3204,4
3205,4
3206,4
3207,4
3208,4
3209,4
3210,4
3211,4
3212,4
3213,4
3214,4
3215,4
3216,4
3217,4
3218,4
3219,4
3220,1
3221,1
3222,1
3223,1
3224,1
3225,4
3226,4
3227,5
3228,5
3229,5
3230,5
3231,5
3232,5
3233,5
3234,1
3235,1
3236,4
3237,4
3238,4
3239,3
3240,3
3241,3
3242,3
3243,3
3244,3
3245,3
3246,3
3247,3
3248,3
3249,0
3250,0
3251,0
3252,0
3253,0
3254,4
3255,4
3256,4
3257,4
3258,3
3259,3
3260,3
3261,3
3262,3
3263,3
3264,3
3265,3
3266,3
3267,3
3268,3
3269,3
3270,3
3271,3
3272,3
3273,3
3274,0
3275,0
3276,5
3277,5
3278,5
3279,5
3280,5
3281,5
3282,5
3283,2
3284,2
3285,0
3286,0
3287,0
3288,0
3289,0
3290,0
3291,1
3292,4
3293,4
3294,4
3295,4
3296,4
3297,4
3298,4
3299,4
3300,4
3301,4
3302,4
3303,5
3304,0
3305,0
3306,0
3307,0
3308,0
3309,0
3310,0
3311,0
3312,0
3313,0
3314,2
3315,2
3316,2
3317,2
3318,2
3319,2
3320,2
3321,5
3322,5
3323,5
3324,5
3325,1
3326,3
3327,1
3328,1
3329,1
3330,1
3331,1
3332,1
3333,1
3334,1
3335,2
3336,2
3337,2
3338,1
3339,1
3340,1
3341,5
3342,5
3343,5
3344,5
3345,5
3346,5
3347,5
3348,5
3349,5
3350,5
3351,5
3352,5
3353,5
3354,5
3355,3
3356,3
3357,3
3358,3
3359,3
3360,3
3361,3
3362,3
3363,0
3364,0
3365,0
3366,0
3367,5
3368,5
3369,5
3370,5
3371,5
3372,5
3373,4
3374,4
3375,2
3376,2
3377,4
3378,2
3379,2
3380,0
3381,0
3382,1
3383,1
3384,1
3385,4
3386,4
3387,4
3388,4
3389,4
3390,4
3391,4
3392,3
3393,3
3394,4
3395,5
3396,0
3397,3
3398,5
3399,2
3400,2
3401,2
3402,0
3403,0
3404,5
3405,4
3406,4
3407,4
3408,4
3409,4
3410,4
3411,4
3412,4
3413,4
3414,4
3415,4
3416,4
3417,0
3418,0
3419,2
3420,2
3421,2
3422,2
3423,0
3424,2
3425,4
3426,4
3427,4
3428,5
3429,4
3430,5
3431,5
3432,0
3433,0
3434,0
3435,0
3436,0
3437,0
3438,0
3439,0
3440,5
3441,5
3442,5
3443,2
3444,2
3445,2
3446,2
3447,2
3448,2
3449,2
3450,2
3451,2
3452,2
3453,2
3454,0
3455,0
3456,0
3457,0
3458,0
3459,5
3460,5
3461,5
3462,2
3463,2
3464,2
3465,2
3466,4
3467,4
3468,4
3469,4
3470,4
3471,1
3472,1
3473,1
3474,4
3475,4
3476,2
3477,2
3478,2
3479,2
3480,2
3481,2
3482,2
3483,2
3484,2
3485,2
3486,2
3487,0
3488,0
3489,1
3490,1
3491,1
3492,0
3493,0
3494,0
3495,5
3496,5
3497,5
3498,5
3499,5
3500,3
3501,3
3502,1
3503,1
3504,1
3505,1
3506,1
3507,1
3508,1
3509,1
3510,1
3511,5
3512,5
3513,5
3514,5
3515,0
3516,0
3517,3
3518,1
3519,0
3520,0
3521,5
3522,2
3523,2
3524,1
3525,1
3526,4
3527,2
3528,2
3529,5
3530,5
3531,4
3532,2
3533,2
3534,2
3535,2
3536,2
3537,2
3538,2
3539,2
3540,4
3541,4
3542,4
3543,4
3544,4
3545,4
3546,4
3547,3
3548,3
3549,3
3550,3
3551,3
3552,3
3553,1
3554,1
3555,1
3556,2
3557,2
3558,2
3559,2
3560,2
3561,2
3562,5
3563,5
3564,5
3565,5
3566,5
3567,5
3568,5
3569,5
3570,5
3571,5
3572,5
3573,5
3574,5
3575,5
3576,5
3577,5
3578,5
3579,4
3580,4
3581,3
3582,3
3583,3
3584,1
3585,5
3586,5
3587,5
3588,3
3589,3
3590,3
3591,3
3592,3
3593,1
3594,4
3595,4
3596,4
3597,1
3598,1
3599,1
3600,1
3601,1
3602,1
3603,1
3604,1
3605,0
3606,0
3607,0
3608,0
3609,0
3610,0
3611,0
3612,0
3613,0
3614,0
3615,0
3616,0
3617,0
3618,4
3619,4
3620,4
3621,4
3622,4
3623,4
3624,4
3625,4
3626,4
3627,4
3628,1
3629,1
3630,1
3631,0
3632,0
3633,0
3634,0
3635,0
3636,0
3637,3
3638,0
3639,0
3640,3
3641,0
3642,0
3643,5
3644,5
3645,5
3646,4
3647,4
3648,4
3649,4
3650,4
3651,4
3652,3
3653,3
3654,3
3655,3
3656,3
3657,3
3658,3
3659,3
3660,3
3661,3
3662,3
3663,3
3664,3
3665,3
3666,3
3667,3
3668,3
3669,3
3670,3
3671,3
3672,3
3673,3
3674,3
3675,3
3676,3
3677,4
3678,4
3679,4
3680,3
3681,3
3682,4
3683,4
3684,4
3685,4
3686,4
3687,4
3688,4
3689,4
3690,4
3691,4
3692,4
3693,4
3694,4
3695,1
3696,1
3697,1
3698,1
3699,1
3700,1
3701,5
3702,5
3703,3
3704,3
3705,3
3706,3
3707,3
3708,3
3709,3
3710,3
3711,3
3712,3
3713,3
3714,3
3715,3
3716,3
3717,3
3718,3
3719,3
3720,3
3721,3
3722,3
3723,3
3724,3
3725,3
3726,3
3727,3
3728,3
3729,3
3730,3
3731,3
3732,3
3733,3
3734,3
3735,3
3736,3
3737,3
3738,3
3739,3
3740,3
3741,3
3742,3
3743,3
3744,3
3745,5
3746,5
3747,5
3748,5
3749,0
3750,0
3751,0
3752,3
3753,3
3754,3
3755,3
3756,3
3757,3
3758,0
3759,3
3760,3
3761,3
3762,3
3763,3
3764,3
3765,3
3766,1
3767,1
3768,1
3769,1
3770,1
3771,3
3772,3
3773,3
3774,3
3775,3
3776,3
3777,3
3778,3
3779,3
3780,3
3781,3
3782,3
3783,3
3784,3
3785,3
3786,3
3787,3
3788,3
3789,3
3790,3
3791,3
3792,3
3793,3
3794,3
3795,3
3796,3
3797,3
3798,3
3799,3
3800,3
3801,3
3802,3
3803,5
3804,5
3805,2
3806,2
3807,2
3808,4
3809,4
3810,1
3811,1
3812,1
3813,1
3814,1
3815,1
3816,1
3817,1
3818,1
3819,1
3820,2
3821,2
3822,2
3823,2
3824,2
3825,2
3826,2
3827,2
3828,2
3829,5
3830,5
3831,5
3832,5
3833,5
3834,5
3835,5
3836,5
3837,3
3838,3
3839,3
3840,3
3841,4
3842,4
3843,4
3844,4
3845,2
3846,2
3847,2
3848,4
3849,4
3850,4
3851,1
3852,1
3853,1
3854,1
3855,2
3856,0
3857,0
3858,0
3859,0
3860,0
3861,0
3862,0
3863,4
3864,4
3865,2
3866,0
3867,0
3868,4
3869,4
3870,4
3871,1
3872,3
3873,3
3874,3
3875,3
3876,3
3877,3
3878,3
3879,0
3880,0
3881,0
3882,0
3883,0
3884,0
3885,0
3886,0
3887,0
3888,0
3889,2
3890,2
3891,2
3892,5
3893,0
3894,0
3895,0
3896,0
3897,1
3898,1
3899,2
3900,2
3901,2
3902,2
3903,2
3904,2
3905,2
3906,2
3907,2
3908,0
3909,1
3910,2
3911,0
3912,0
3913,5
3914,2
3915,1
3916,1
3917,1
3918,1
3919,2
3920,2
3921,2
3922,1
3923,1
3924,1
3925,1
3926,4
3927,4
3928,2
3929,2
3930,1
3931,1
3932,1
3933,0
3934,0
3935,0
3936,0
3937,4
3938,4
3939,4
3940,4
3941,4
3942,4
3943,4
3944,4
3945,4
3946,1
3947,4
3948,4
3949,4
3950,4
3951,1
3952,1
3953,1
3954,1
3955,1
3956,1
3957,1
3958,0
3959,0
3960,1
3961,1
3962,2
3963,2
3964,2
3965,2
3966,1
3967,1
3968,2
3969,2
3970,2
3971,2
3972,4
3973,4
3974,2
3975,2
3976,2
3977,2
3978,0
3979,2
3980,2
3981,4
3982,4
3983,4
3984,4
3985,0
3986,0
3987,0
3988,0
3989,0
3990,0
3991,4
3992,4
3993,4
3994,4
3995,4
3996,4
3997,4
3998,4
3999,1
4000,1
4001,3
4002,1
4003,0
4004,0
4005,0
4006,0
4007,0
4008,1
4009,1
4010,1
4011,1
4012,4
4013,1
4014,5
4015,5
4016,5
4017,3
4018,3
4019,3
4020,3
4021,3
4022,3
4023,3
4024,3
4025,3
4026,0
4027,0
4028,0
4029,0
4030,0
4031,5
4032,5
4033,5
4034,2
4035,2
4036,4
4037,4
4038,4
4039,4
4040,4
4041,4
4042,4
4043,4
4044,4
4045,0
4046,0
4047,1
4048,1
4049,5
4050,5
4051,5
4052,5
4053,5
4054,5
4055,5
4056,5
4057,5
4058,5
4059,5
4060,5
4061,5
4062,5
4063,0
4064,5
4065,1
4066,1
4067,2
4068,1
4069,1
4070,1
4071,1
4072,4
4073,4
4074,4
4075,4
4076,4
4077,4
4078,4
4079,4
4080,3
4081,3
4082,3
4083,3
4084,3
4085,3
4086,3
4087,3
4088,4
4089,4
4090,4
4091,4
4092,3
4093,3
4094,3
4095,3
4096,3
4097,3
4098,3
4099,3
4100,3
4101,3
4102,3
4103,3
4104,3
4105,3
4106,3
4107,3
4108,3
4109,3
4110,3
4111,3
4112,3
4113,3
4114,3
4115,3
4116,3
4117,3
4118,3
4119,3
4120,3
4121,3
4122,3
4123,1
4124,4
4125,0
4126,0
4127,0
4128,0
4129,1
4130,2
4131,2
4132,4
4133,2
4134,2
4135,5
4136,2
4137,2
4138,2
4139,2
4140,2
4141,5
4142,2
4143,2
4144,2
4145,2
4146,5
4147,5
4148,5
4149,5
4150,5
4151,5
4152,5
4153,5
4154,5
4155,5
4156,5
4157,5
4158,5
4159,5
4160,5
4161,5
4162,2
4163,5
4164,5
4165,5
4166,5
4167,0
4168,5
4169,5
4170,5
4171,5
4172,5
4173,5
4174,5
4175,5
4176,1
4177,2
4178,2
4179,5
4180,5
4181,5
4182,5
4183,5
4184,5
4185,5
4186,5
4187,5
4188,5
4189,5
4190,5
4191,5
4192,5
4193,5
4194,5
4195,5
4196,5
4197,5
4198,5
4199,5
4200,5
4201,5
4202,5
4203,5
4204,5
4205,0
4206,5
4207,5
4208,5
4209,5
4210,5
4211,5
4212,5
4213,5
4214,5
4215,5
4216,5
4217,2
4218,2
4219,2
4220,2
4221,2
4222,2
4223,4
4224,4
4225,4
4226,1
4227,1
4228,1
4229,1
4230,2
4231,0
4232,0
4233,0
4234,5
4235,5
4236,5
4237,5
4238,4
4239,4
4240,4
4241,4
4242,4
4243,3
4244,4
4245,2
4246,2
4247,4
4248,4
4249,0
4250,0
4251,0
4252,0
4253,0
4254,0
4255,0
4256,0
4257,0
4258,0
4259,0
4260,0
4261,0
4262,0
4263,0
4264,0
4265,0
4266,0
4267,0
4268,0
4269,1
4270,1
4271,1
4272,1
4273,4
4274,2
4275,2
4276,2
4277,2
4278,2
4279,2
4280,2
4281,2
4282,2
4283,2
4284,2
4285,2
4286,2
4287,5
4288,5
4289,5
4290,5
4291,5
4292,1
4293,1
4294,0
4295,1
4296,4
4297,2
4298,2
4299,2
4300,2
4301,2
4302,0
4303,0
4304,0
4305,1
4306,1
4307,1
4308,1
4309,1
4310,1
4311,1
4312,1
4313,1
4314,1
4315,2
4316,2
4317,2
4318,2
4319,5
4320,2
4321,2
4322,2
4323,2
4324,2
4325,2
4326,1
4327,2
4328,5
4329,5
4330,2
4331,2
4332,2
4333,2
4334,2
4335,5
4336,5
4337,5
4338,2
4339,2
4340,2
4341,2
4342,2
4343,2
4344,2
4345,2
4346,4
4347,4
4348,4
4349,4
4350,4
4351,4
4352,4
4353,1
4354,1
4355,1
4356,1
4357,1
4358,4
4359,4
4360,2
4361,2
4362,2
4363,2
4364,0
4365,2
4366,2
4367,2
4368,2
4369,0
4370,0
4371,0
4372,0
4373,0
4374,0
4375,0
4376,0
4377,0
4378,0
4379,3
4380,4
4381,4
4382,0
4383,2
4384,2
4385,2
4386,2
4387,0
4388,0
4389,0
4390,2
4391,2
4392,2
4393,4
4394,2
4395,2
4396,2
4397,5
4398,5
4399,5
4400,5
4401,5
4402,5
4403,5
4404,3
4405,3
4406,3
4407,3
4408,3
4409,3
4410,3
4411,3
4412,3
4413,3
4414,3
4415,3
4416,3
4417,4
4418,4
4419,4
4420,2
4421,2
4422,2
4423,2
4424,2
4425,2
4426,0
4427,2
4428,0
4429,0
4430,0
4431,0
4432,0
4433,5
4434,5
4435,5
4436,5
4437,5
4438,5
4439,5
4440,5
4441,1
4442,2
4443,2
4444,0
4445,0
4446,0
4447,0
4448,0
4449,1
4450,1
4451,0
4452,5
4453,1
4454,1
4455,1
4456,2
4457,1
4458,1
4459,1
4460,1
4461,1
4462,1
4463,0
4464,0
4465,4
4466,4
4467,4
4468,4
4469,4
4470,4
4471,4
4472,4
4473,3
4474,1
4475,1
4476,1
4477,1
4478,1
4479,4
4480,0
4481,0
4482,0
4483,0
4484,0
4485,5
4486,0
4487,3
4488,3
4489,3
4490,3
4491,3
4492,3
4493,4
4494,4
4495,4
4496,4
4497,4
4498,4
4499,4
4500,5
4501,5
4502,5
4503,4
4504,4
4505,4
4506,2
4507,2
4508,2
4509,2
4510,2
4511,2
4512,0
4513,4
4514,4
4515,4
4516,2
4517,1
4518,1
4519,1
4520,1
4521,1
4522,1
4523,1
4524,1
4525,1
4526,1
4527,1
4528,0
4529,0
4530,0
4531,1
4532,1
4533,4
4534,4
4535,4
4536,4
4537,4
4538,4
4539,4
4540,4
4541,4
4542,4
4543,4
4544,4
4545,5
4546,5
4547,5
4548,5
4549,5
4550,5
4551,5
4552,5
4553,5
4554,5
4555,5
4556,4
4557,4
4558,4
4559,1
4560,4
4561,4
4562,4
4563,4
4564,4
4565,1
4566,1
4567,1
4568,0
4569,0
4570,0
4571,0
4572,0
4573,0
4574,0
4575,5
4576,5
4577,5
4578,5
4579,5
4580,5
4581,5
4582,3
4583,4
4584,0
4585,0
4586,4
4587,4
4588,4
4589,4
4590,2
4591,0
4592,1
4593,0
4594,0
4595,0
4596,0
4597,0
4598,0
4599,1
4600,1
4601,4
4602,4
4603,4
4604,3
4605,3
4606,0
4607,0
4608,1
4609,1
4610,1
4611,1
4612,0
4613,0
4614,0
4615,1
4616,1
4617,5
4618,5
4619,5
4620,5
4621,5
4622,1
4623,1
4624,1
4625,4
4626,4
4627,2
4628,1
4629,1
4630,1
4631,0
4632,0
4633,5
4634,5
4635,5
4636,5
4637,5
4638,5
4639,5
4640,5
4641,5
4642,5
4643,5
4644,1
4645,5
4646,2
4647,4
4648,5
4649,4
4650,4
4651,4
4652,2
4653,0
4654,0
4655,0
4656,0
4657,5
4658,5
4659,5
4660,5
4661,0
4662,0
4663,0
4664,1
4665,0
4666,2
4667,2
4668,2
4669,0
4670,1
4671,1
4672,1
4673,1
4674,2
4675,2
4676,2
4677,2
4678,2
4679,2
4680,2
4681,2
4682,5
4683,5
4684,5
4685,2
4686,2
4687,4
4688,4
4689,4
4690,4
4691,4
4692,4
4693,4
4694,4
4695,4
4696,4
4697,3
4698,3
4699,3
4700,3
4701,3
4702,3
4703,3
4704,3
4705,3
4706,3
4707,3
4708,3
4709,3
4710,3
4711,3
4712,5
4713,5
4714,3
4715,3
4716,3
4717,3
4718,1
4719,0
4720,0
4721,0
4722,0
4723,0
4724,0
4725,0
4726,0
4727,0
4728,3
4729,0
4730,0
4731,0
4732,0
4733,2
4734,2
4735,2
4736,5
4737,0
4738,3
4739,4
4740,4
4741,4
4742,4
4743,4
4744,4
4745,5
4746,5
4747,5
4748,4
4749,0
4750,0
4751,0
4752,1
4753,4
4754,4
4755,4
4756,4
4757,4
4758,4
4759,4
4760,4
4761,1
4762,4
4763,4
4764,4
4765,4
4766,1
4767,1
4768,1
4769,1
4770,1
4771,1
4772,1
4773,1
4774,1
4775,1
4776,1
4777,1
4778,5
4779,2
4780,2
4781,1
4782,1
4783,1
4784,1
4785,1
4786,1
4787,1
4788,5
4789,5
4790,5
4791,5
4792,5
4793,5
4794,4
4795,4
4796,0
4797,0
4798,0
4799,5
4800,5
4801,5
4802,4
4803,4
4804,4
4805,4
4806,4
4807,5
4808,2
4809,2
4810,5
4811,4
4812,4
4813,4
4814,4
4815,4
4816,4
4817,4
4818,4
4819,5
4820,5
4821,5
4822,5
4823,5
4824,5
4825,5
4826,5
4827,5
4828,0
4829,0
4830,0
4831,0
4832,0
4833,0
4834,0
4835,0
4836,1
4837,2
4838,2
4839,2
4840,2
4841,2
4842,1
4843,1
4844,1
4845,4
4846,4
4847,0
4848,0
4849,0
